file;my-result;my-time;vanillaZ3-result;vanillaZ3-time;cvc5-result;cvc5-time;princess-result;princess-time;noodler-result;noodler-time;z3Str3-result;z3Str3-time
/mnt/c/Users/Clemens/Downloads/QF_S/20230329-woorpje-lu/track04/04_track_1.smt2;SAT;1761;SAT;672;SAT;1514;SAT;1786;SAT;992;SAT;753
/mnt/c/Users/Clemens/Downloads/QF_S/20230329-woorpje-lu/track04/04_track_10.smt2;UNSAT;1581;UNSAT;585;UNSAT;723;UNSAT;2956;UNSAT;555;UNSAT;597
/mnt/c/Users/Clemens/Downloads/QF_S/20230329-woorpje-lu/track04/04_track_100.smt2;SAT;998;SAT;846;SAT;868;SAT;2216;SAT;530;SAT;434
/mnt/c/Users/Clemens/Downloads/QF_S/20230329-woorpje-lu/track04/04_track_101.smt2;UNSAT;921;UNSAT;644;UNSAT;867;UNSAT;2532;UNSAT;513;UNSAT;493
/mnt/c/Users/Clemens/Downloads/QF_S/20230329-woorpje-lu/track04/04_track_102.smt2;UNSAT;1023;UNSAT;1137;UNSAT;802;UNSAT;2447;UNSAT;827;UNSAT;839
/mnt/c/Users/Clemens/Downloads/QF_S/20230329-woorpje-lu/track04/04_track_103.smt2;UNSAT;711;UNSAT;353;UNSAT;733;UNSAT;2309;UNSAT;682;UNSAT;721
/mnt/c/Users/Clemens/Downloads/QF_S/20230329-woorpje-lu/track04/04_track_104.smt2;UNSAT;1227;UNSAT;915;UNSAT;667;UNSAT;3550;UNSAT;872;UNSAT;830
/mnt/c/Users/Clemens/Downloads/QF_S/20230329-woorpje-lu/track04/04_track_105.smt2;UNSAT;1183;UNSAT;640;UNSAT;1035;UNSAT;2482;UNSAT;455;UNSAT;374
/mnt/c/Users/Clemens/Downloads/QF_S/20230329-woorpje-lu/track04/04_track_106.smt2;SAT;781;SAT;931;SAT;1187;SAT;6070;SAT;1444;UNKNOWN;10000
/mnt/c/Users/Clemens/Downloads/QF_S/20230329-woorpje-lu/track04/04_track_107.smt2;SAT;1453;SAT;774;SAT;1429;SAT;2760;SAT;791;SAT;732
/mnt/c/Users/Clemens/Downloads/QF_S/20230329-woorpje-lu/track04/04_track_108.smt2;UNSAT;1296;UNSAT;998;UNSAT;693;UNSAT;2404;UNSAT;348;UNSAT;334
/mnt/c/Users/Clemens/Downloads/QF_S/20230329-woorpje-lu/track04/04_track_109.smt2;UNSAT;709;UNSAT;440;UNSAT;849;UNSAT;2290;UNSAT;639;UNSAT;434
/mnt/c/Users/Clemens/Downloads/QF_S/20230329-woorpje-lu/track04/04_track_11.smt2;UNSAT;1253;UNSAT;775;UNSAT;958;UNSAT;3444;UNSAT;599;UNSAT;790
/mnt/c/Users/Clemens/Downloads/QF_S/20230329-woorpje-lu/track04/04_track_110.smt2;SAT;950;SAT;1047;SAT;3361;SAT;9698;SAT;3004;UNKNOWN;10000
/mnt/c/Users/Clemens/Downloads/QF_S/20230329-woorpje-lu/track04/04_track_111.smt2;SAT;958;SAT;663;SAT;998;SAT;6079;SAT;1603;UNKNOWN;10000
/mnt/c/Users/Clemens/Downloads/QF_S/20230329-woorpje-lu/track04/04_track_112.smt2;SAT;1124;SAT;825;SAT;911;SAT;2774;SAT;1248;SAT;1613
/mnt/c/Users/Clemens/Downloads/QF_S/20230329-woorpje-lu/track04/04_track_113.smt2;UNSAT;1157;UNSAT;661;UNSAT;1231;UNSAT;2283;UNSAT;782;UNSAT;371
/mnt/c/Users/Clemens/Downloads/QF_S/20230329-woorpje-lu/track04/04_track_114.smt2;SAT;730;SAT;347;SAT;764;SAT;2486;SAT;411;SAT;674
/mnt/c/Users/Clemens/Downloads/QF_S/20230329-woorpje-lu/track04/04_track_115.smt2;SAT;921;SAT;616;SAT;775;SAT;5128;SAT;1617;UNKNOWN;10000
/mnt/c/Users/Clemens/Downloads/QF_S/20230329-woorpje-lu/track04/04_track_116.smt2;UNSAT;1129;UNSAT;686;UNSAT;1176;UNSAT;2527;UNSAT;368;UNSAT;327
/mnt/c/Users/Clemens/Downloads/QF_S/20230329-woorpje-lu/track04/04_track_117.smt2;SAT;1206;SAT;627;SAT;550;SAT;3656;SAT;345;SAT;330
/mnt/c/Users/Clemens/Downloads/QF_S/20230329-woorpje-lu/track04/04_track_118.smt2;SAT;739;SAT;451;SAT;647;SAT;3225;SAT;353;SAT;330
/mnt/c/Users/Clemens/Downloads/QF_S/20230329-woorpje-lu/track04/04_track_119.smt2;SAT;742;SAT;797;SAT;907;SAT;2414;SAT;870;UNKNOWN;711
/mnt/c/Users/Clemens/Downloads/QF_S/20230329-woorpje-lu/track04/04_track_12.smt2;SAT;933;SAT;461;SAT;1067;SAT;4504;SAT;478;SAT;462
/mnt/c/Users/Clemens/Downloads/QF_S/20230329-woorpje-lu/track04/04_track_120.smt2;UNSAT;830;UNSAT;435;UNSAT;1102;UNSAT;3214;UNSAT;318;UNSAT;367
/mnt/c/Users/Clemens/Downloads/QF_S/20230329-woorpje-lu/track04/04_track_121.smt2;UNSAT;960;UNSAT;523;UNSAT;751;UNSAT;3388;UNKNOWN;10000;UNSAT;2752
/mnt/c/Users/Clemens/Downloads/QF_S/20230329-woorpje-lu/track04/04_track_122.smt2;SAT;1266;SAT;858;SAT;1375;SAT;2767;SAT;883;SAT;917
/mnt/c/Users/Clemens/Downloads/QF_S/20230329-woorpje-lu/track04/04_track_123.smt2;UNSAT;1425;UNSAT;826;UNSAT;1419;UNSAT;3294;UNSAT;765;UNSAT;807
/mnt/c/Users/Clemens/Downloads/QF_S/20230329-woorpje-lu/track04/04_track_124.smt2;SAT;1298;SAT;918;SAT;988;SAT;3208;SAT;366;SAT;401
/mnt/c/Users/Clemens/Downloads/QF_S/20230329-woorpje-lu/track04/04_track_125.smt2;SAT;690;SAT;730;SAT;677;SAT;1936;SAT;785;SAT;578
/mnt/c/Users/Clemens/Downloads/QF_S/20230329-woorpje-lu/track04/04_track_126.smt2;UNSAT;865;UNSAT;521;UNSAT;1074;UNSAT;3005;UNSAT;346;UNSAT;354
/mnt/c/Users/Clemens/Downloads/QF_S/20230329-woorpje-lu/track04/04_track_127.smt2;SAT;1144;SAT;708;SAT;949;SAT;5533;SAT;2850;UNKNOWN;10000
/mnt/c/Users/Clemens/Downloads/QF_S/20230329-woorpje-lu/track04/04_track_128.smt2;UNSAT;1448;UNSAT;830;UNSAT;1522;UNSAT;4236;UNSAT;390;UNSAT;352
/mnt/c/Users/Clemens/Downloads/QF_S/20230329-woorpje-lu/track04/04_track_129.smt2;UNSAT;624;UNSAT;516;UNSAT;551;UNSAT;1648;UNSAT;365;UNSAT;362
/mnt/c/Users/Clemens/Downloads/QF_S/20230329-woorpje-lu/track04/04_track_13.smt2;SAT;670;SAT;521;SAT;553;SAT;2407;SAT;592;SAT;781
/mnt/c/Users/Clemens/Downloads/QF_S/20230329-woorpje-lu/track04/04_track_130.smt2;SAT;799;SAT;901;SAT;739;SAT;2427;SAT;334;SAT;430
/mnt/c/Users/Clemens/Downloads/QF_S/20230329-woorpje-lu/track04/04_track_131.smt2;UNSAT;711;UNSAT;420;UNSAT;630;UNSAT;1668;UNSAT;345;UNSAT;331
/mnt/c/Users/Clemens/Downloads/QF_S/20230329-woorpje-lu/track04/04_track_132.smt2;SAT;712;SAT;1135;SAT;572;SAT;2260;SAT;754;SAT;570
/mnt/c/Users/Clemens/Downloads/QF_S/20230329-woorpje-lu/track04/04_track_133.smt2;SAT;627;SAT;534;SAT;592;SAT;2228;SAT;591;SAT;521
/mnt/c/Users/Clemens/Downloads/QF_S/20230329-woorpje-lu/track04/04_track_134.smt2;SAT;741;SAT;560;SAT;711;SAT;3215;SAT;648;SAT;9617
/mnt/c/Users/Clemens/Downloads/QF_S/20230329-woorpje-lu/track04/04_track_135.smt2;SAT;1404;SAT;940;SAT;1452;SAT;3623;SAT;526;SAT;487
/mnt/c/Users/Clemens/Downloads/QF_S/20230329-woorpje-lu/track04/04_track_136.smt2;SAT;767;SAT;529;SAT;1008;SAT;3195;SAT;497;SAT;579
/mnt/c/Users/Clemens/Downloads/QF_S/20230329-woorpje-lu/track04/04_track_137.smt2;SAT;938;SAT;808;SAT;869;SAT;4448;SAT;1502;SAT;4800
/mnt/c/Users/Clemens/Downloads/QF_S/20230329-woorpje-lu/track04/04_track_138.smt2;UNSAT;856;UNSAT;521;UNSAT;664;UNSAT;3386;UNSAT;401;UNSAT;393
/mnt/c/Users/Clemens/Downloads/QF_S/20230329-woorpje-lu/track04/04_track_139.smt2;UNSAT;882;UNSAT;556;UNSAT;1011;UNSAT;3288;UNSAT;407;UNSAT;395
/mnt/c/Users/Clemens/Downloads/QF_S/20230329-woorpje-lu/track04/04_track_14.smt2;SAT;2152;SAT;715;SAT;2954;SAT;6595;SAT;1298;UNKNOWN;10000
/mnt/c/Users/Clemens/Downloads/QF_S/20230329-woorpje-lu/track04/04_track_140.smt2;UNSAT;745;UNSAT;414;UNSAT;569;UNSAT;2800;UNSAT;738;UNSAT;561
/mnt/c/Users/Clemens/Downloads/QF_S/20230329-woorpje-lu/track04/04_track_141.smt2;SAT;1312;SAT;867;SAT;899;SAT;2050;SAT;437;SAT;351
/mnt/c/Users/Clemens/Downloads/QF_S/20230329-woorpje-lu/track04/04_track_142.smt2;SAT;725;SAT;387;SAT;594;SAT;1983;SAT;452;SAT;604
/mnt/c/Users/Clemens/Downloads/QF_S/20230329-woorpje-lu/track04/04_track_143.smt2;SAT;681;SAT;350;SAT;503;SAT;1740;SAT;411;SAT;336
/mnt/c/Users/Clemens/Downloads/QF_S/20230329-woorpje-lu/track04/04_track_144.smt2;UNSAT;729;UNSAT;370;UNSAT;641;UNSAT;1535;UNSAT;271;UNSAT;331
/mnt/c/Users/Clemens/Downloads/QF_S/20230329-woorpje-lu/track04/04_track_145.smt2;SAT;616;SAT;382;SAT;671;SAT;3114;SAT;387;SAT;348
/mnt/c/Users/Clemens/Downloads/QF_S/20230329-woorpje-lu/track04/04_track_146.smt2;UNSAT;642;UNSAT;618;UNSAT;632;UNSAT;2459;UNSAT;397;UNSAT;386
/mnt/c/Users/Clemens/Downloads/QF_S/20230329-woorpje-lu/track04/04_track_147.smt2;UNSAT;675;UNSAT;590;UNSAT;712;UNSAT;2024;UNSAT;436;UNSAT;356
/mnt/c/Users/Clemens/Downloads/QF_S/20230329-woorpje-lu/track04/04_track_148.smt2;SAT;839;SAT;611;SAT;625;SAT;2462;SAT;627;SAT;1192
/mnt/c/Users/Clemens/Downloads/QF_S/20230329-woorpje-lu/track04/04_track_149.smt2;SAT;1304;SAT;377;SAT;551;SAT;1855;SAT;341;SAT;403
/mnt/c/Users/Clemens/Downloads/QF_S/20230329-woorpje-lu/track04/04_track_15.smt2;SAT;717;SAT;505;SAT;866;SAT;3118;SAT;646;UNKNOWN;1790
/mnt/c/Users/Clemens/Downloads/QF_S/20230329-woorpje-lu/track04/04_track_150.smt2;UNSAT;857;UNSAT;599;UNSAT;788;UNSAT;3031;UNSAT;542;UNSAT;480
/mnt/c/Users/Clemens/Downloads/QF_S/20230329-woorpje-lu/track04/04_track_151.smt2;SAT;805;SAT;512;SAT;948;SAT;2262;SAT;490;SAT;596
/mnt/c/Users/Clemens/Downloads/QF_S/20230329-woorpje-lu/track04/04_track_152.smt2;UNSAT;712;UNSAT;502;UNSAT;836;UNSAT;2680;UNSAT;612;UNSAT;352
/mnt/c/Users/Clemens/Downloads/QF_S/20230329-woorpje-lu/track04/04_track_153.smt2;SAT;699;SAT;302;SAT;537;SAT;1505;SAT;294;SAT;405
/mnt/c/Users/Clemens/Downloads/QF_S/20230329-woorpje-lu/track04/04_track_154.smt2;UNSAT;726;UNSAT;480;UNSAT;658;UNSAT;2243;UNSAT;317;UNSAT;284
/mnt/c/Users/Clemens/Downloads/QF_S/20230329-woorpje-lu/track04/04_track_155.smt2;SAT;696;SAT;315;SAT;750;SAT;3776;SAT;294;SAT;306
/mnt/c/Users/Clemens/Downloads/QF_S/20230329-woorpje-lu/track04/04_track_156.smt2;SAT;1435;SAT;789;SAT;680;SAT;2139;SAT;416;SAT;446
/mnt/c/Users/Clemens/Downloads/QF_S/20230329-woorpje-lu/track04/04_track_157.smt2;UNSAT;639;UNSAT;496;UNSAT;662;UNSAT;1808;UNSAT;515;UNSAT;566
/mnt/c/Users/Clemens/Downloads/QF_S/20230329-woorpje-lu/track04/04_track_158.smt2;SAT;757;SAT;929;SAT;867;SAT;2803;SAT;752;SAT;1023
/mnt/c/Users/Clemens/Downloads/QF_S/20230329-woorpje-lu/track04/04_track_159.smt2;UNSAT;690;UNSAT;367;UNSAT;662;UNSAT;2046;UNSAT;632;UNSAT;525
/mnt/c/Users/Clemens/Downloads/QF_S/20230329-woorpje-lu/track04/04_track_16.smt2;UNSAT;902;UNSAT;461;UNSAT;1169;UNSAT;4443;UNSAT;314;UNSAT;487
/mnt/c/Users/Clemens/Downloads/QF_S/20230329-woorpje-lu/track04/04_track_160.smt2;UNSAT;728;UNSAT;357;UNSAT;588;UNSAT;1949;UNSAT;369;UNSAT;333
/mnt/c/Users/Clemens/Downloads/QF_S/20230329-woorpje-lu/track04/04_track_161.smt2;UNSAT;1134;UNSAT;750;UNSAT;1329;UNSAT;2475;UNSAT;334;UNSAT;349
/mnt/c/Users/Clemens/Downloads/QF_S/20230329-woorpje-lu/track04/04_track_162.smt2;SAT;712;SAT;726;SAT;533;SAT;2982;SAT;546;SAT;495
/mnt/c/Users/Clemens/Downloads/QF_S/20230329-woorpje-lu/track04/04_track_163.smt2;SAT;1369;SAT;674;SAT;835;SAT;6168;SAT;327;SAT;380
/mnt/c/Users/Clemens/Downloads/QF_S/20230329-woorpje-lu/track04/04_track_164.smt2;SAT;729;SAT;452;SAT;1004;SAT;3836;SAT;521;SAT;410
/mnt/c/Users/Clemens/Downloads/QF_S/20230329-woorpje-lu/track04/04_track_165.smt2;SAT;767;SAT;428;SAT;620;SAT;2380;SAT;461;SAT;419
/mnt/c/Users/Clemens/Downloads/QF_S/20230329-woorpje-lu/track04/04_track_166.smt2;UNSAT;703;UNSAT;345;UNSAT;922;UNSAT;2684;UNSAT;367;UNSAT;325
/mnt/c/Users/Clemens/Downloads/QF_S/20230329-woorpje-lu/track04/04_track_167.smt2;UNSAT;627;UNSAT;379;UNSAT;603;UNSAT;2358;UNSAT;348;UNSAT;338
/mnt/c/Users/Clemens/Downloads/QF_S/20230329-woorpje-lu/track04/04_track_168.smt2;SAT;1167;SAT;883;SAT;627;SAT;2977;SAT;329;SAT;383
/mnt/c/Users/Clemens/Downloads/QF_S/20230329-woorpje-lu/track04/04_track_169.smt2;SAT;742;SAT;481;SAT;1243;SAT;4036;SAT;518;UNKNOWN;4095
/mnt/c/Users/Clemens/Downloads/QF_S/20230329-woorpje-lu/track04/04_track_17.smt2;UNSAT;558;UNSAT;306;UNSAT;566;UNSAT;1792;UNSAT;404;UNSAT;280
/mnt/c/Users/Clemens/Downloads/QF_S/20230329-woorpje-lu/track04/04_track_170.smt2;SAT;2145;UNKNOWN;10000;SAT;1603;SAT;3221;SAT;711;UNKNOWN;3016
/mnt/c/Users/Clemens/Downloads/QF_S/20230329-woorpje-lu/track04/04_track_171.smt2;SAT;712;SAT;460;SAT;598;SAT;5257;SAT;711;UNKNOWN;10000
/mnt/c/Users/Clemens/Downloads/QF_S/20230329-woorpje-lu/track04/04_track_172.smt2;SAT;652;SAT;406;SAT;896;SAT;2268;SAT;735;SAT;713
/mnt/c/Users/Clemens/Downloads/QF_S/20230329-woorpje-lu/track04/04_track_173.smt2;UNSAT;1066;UNSAT;536;UNSAT;481;UNSAT;1599;UNSAT;357;UNSAT;358
/mnt/c/Users/Clemens/Downloads/QF_S/20230329-woorpje-lu/track04/04_track_174.smt2;SAT;975;SAT;715;SAT;930;SAT;3043;SAT;772;UNKNOWN;2249
/mnt/c/Users/Clemens/Downloads/QF_S/20230329-woorpje-lu/track04/04_track_175.smt2;SAT;1232;SAT;1011;SAT;952;SAT;2532;SAT;614;SAT;778
/mnt/c/Users/Clemens/Downloads/QF_S/20230329-woorpje-lu/track04/04_track_176.smt2;UNSAT;856;UNSAT;656;UNSAT;915;UNSAT;4731;UNSAT;2200;UNSAT;754
/mnt/c/Users/Clemens/Downloads/QF_S/20230329-woorpje-lu/track04/04_track_177.smt2;SAT;766;SAT;887;SAT;1453;SAT;3601;SAT;685;SAT;490
/mnt/c/Users/Clemens/Downloads/QF_S/20230329-woorpje-lu/track04/04_track_178.smt2;UNSAT;665;UNSAT;334;UNSAT;575;UNSAT;1466;UNSAT;494;UNSAT;449
/mnt/c/Users/Clemens/Downloads/QF_S/20230329-woorpje-lu/track04/04_track_179.smt2;SAT;1161;UNKNOWN;10000;SAT;1014;SAT;3985;SAT;712;UNKNOWN;5464
/mnt/c/Users/Clemens/Downloads/QF_S/20230329-woorpje-lu/track04/04_track_18.smt2;SAT;628;SAT;435;SAT;773;SAT;1721;SAT;453;SAT;478
/mnt/c/Users/Clemens/Downloads/QF_S/20230329-woorpje-lu/track04/04_track_180.smt2;UNSAT;661;UNSAT;773;UNSAT;1058;UNSAT;2264;UNSAT;412;UNSAT;293
/mnt/c/Users/Clemens/Downloads/QF_S/20230329-woorpje-lu/track04/04_track_181.smt2;UNSAT;636;UNSAT;334;UNSAT;640;UNSAT;2665;UNSAT;358;UNSAT;321
/mnt/c/Users/Clemens/Downloads/QF_S/20230329-woorpje-lu/track04/04_track_182.smt2;SAT;617;SAT;657;SAT;541;SAT;2023;SAT;623;UNKNOWN;699
/mnt/c/Users/Clemens/Downloads/QF_S/20230329-woorpje-lu/track04/04_track_183.smt2;UNSAT;622;UNSAT;311;UNSAT;808;UNSAT;2607;UNSAT;349;UNSAT;286
/mnt/c/Users/Clemens/Downloads/QF_S/20230329-woorpje-lu/track04/04_track_184.smt2;SAT;519;SAT;302;SAT;478;SAT;1594;SAT;332;SAT;324
/mnt/c/Users/Clemens/Downloads/QF_S/20230329-woorpje-lu/track04/04_track_185.smt2;SAT;660;SAT;335;SAT;611;SAT;3401;SAT;380;SAT;381
/mnt/c/Users/Clemens/Downloads/QF_S/20230329-woorpje-lu/track04/04_track_186.smt2;SAT;718;SAT;608;SAT;1871;SAT;6220;SAT;1981;UNKNOWN;10000
/mnt/c/Users/Clemens/Downloads/QF_S/20230329-woorpje-lu/track04/04_track_187.smt2;UNSAT;1223;UNSAT;896;UNSAT;1510;UNSAT;2890;UNSAT;711;UNSAT;631
/mnt/c/Users/Clemens/Downloads/QF_S/20230329-woorpje-lu/track04/04_track_188.smt2;UNSAT;1199;UNSAT;1041;UNSAT;1375;UNSAT;2709;UNSAT;667;UNSAT;748
/mnt/c/Users/Clemens/Downloads/QF_S/20230329-woorpje-lu/track04/04_track_189.smt2;SAT;1268;SAT;768;SAT;771;SAT;5819;SAT;1717;UNKNOWN;10000
/mnt/c/Users/Clemens/Downloads/QF_S/20230329-woorpje-lu/track04/04_track_19.smt2;UNSAT;687;UNSAT;344;UNSAT;1147;UNSAT;2397;UNSAT;742;UNSAT;709
/mnt/c/Users/Clemens/Downloads/QF_S/20230329-woorpje-lu/track04/04_track_190.smt2;UNSAT;1152;UNSAT;796;UNSAT;1080;UNSAT;2558;UNSAT;631;UNSAT;536
/mnt/c/Users/Clemens/Downloads/QF_S/20230329-woorpje-lu/track04/04_track_191.smt2;UNSAT;1217;UNSAT;844;UNSAT;754;UNSAT;1766;UNSAT;415;UNSAT;430
/mnt/c/Users/Clemens/Downloads/QF_S/20230329-woorpje-lu/track04/04_track_192.smt2;SAT;970;SAT;1064;SAT;2210;SAT;3524;SAT;813;UNKNOWN;1323
/mnt/c/Users/Clemens/Downloads/QF_S/20230329-woorpje-lu/track04/04_track_193.smt2;SAT;728;SAT;486;SAT;1158;SAT;3305;SAT;540;SAT;393
/mnt/c/Users/Clemens/Downloads/QF_S/20230329-woorpje-lu/track04/04_track_194.smt2;UNSAT;768;UNSAT;484;UNSAT;956;UNSAT;2986;UNSAT;725;UNSAT;548
/mnt/c/Users/Clemens/Downloads/QF_S/20230329-woorpje-lu/track04/04_track_195.smt2;SAT;1015;SAT;806;SAT;939;SAT;1763;SAT;678;SAT;798
/mnt/c/Users/Clemens/Downloads/QF_S/20230329-woorpje-lu/track04/04_track_196.smt2;SAT;1437;SAT;1049;SAT;866;SAT;2590;SAT;715;SAT;592
/mnt/c/Users/Clemens/Downloads/QF_S/20230329-woorpje-lu/track04/04_track_197.smt2;SAT;1005;SAT;506;SAT;768;SAT;2223;SAT;431;SAT;685
/mnt/c/Users/Clemens/Downloads/QF_S/20230329-woorpje-lu/track04/04_track_198.smt2;SAT;1130;SAT;486;SAT;787;SAT;2256;SAT;351;SAT;447
/mnt/c/Users/Clemens/Downloads/QF_S/20230329-woorpje-lu/track04/04_track_199.smt2;SAT;966;SAT;639;SAT;1219;SAT;7238;SAT;3333;UNKNOWN;10000
/mnt/c/Users/Clemens/Downloads/QF_S/20230329-woorpje-lu/track04/04_track_2.smt2;SAT;812;SAT;649;SAT;1228;SAT;2938;SAT;921;SAT;794
/mnt/c/Users/Clemens/Downloads/QF_S/20230329-woorpje-lu/track04/04_track_20.smt2;SAT;1224;SAT;564;SAT;1016;SAT;2299;SAT;444;SAT;639
/mnt/c/Users/Clemens/Downloads/QF_S/20230329-woorpje-lu/track04/04_track_200.smt2;SAT;954;SAT;806;SAT;634;SAT;2011;SAT;610;UNKNOWN;651
/mnt/c/Users/Clemens/Downloads/QF_S/20230329-woorpje-lu/track04/04_track_21.smt2;UNSAT;671;UNSAT;507;UNSAT;670;UNSAT;2019;UNSAT;370;UNSAT;422
/mnt/c/Users/Clemens/Downloads/QF_S/20230329-woorpje-lu/track04/04_track_22.smt2;UNSAT;807;UNSAT;398;UNSAT;1115;UNSAT;4595;UNSAT;399;UNSAT;383
/mnt/c/Users/Clemens/Downloads/QF_S/20230329-woorpje-lu/track04/04_track_23.smt2;UNSAT;782;UNSAT;622;UNSAT;649;UNSAT;1752;UNSAT;373;UNSAT;362
/mnt/c/Users/Clemens/Downloads/QF_S/20230329-woorpje-lu/track04/04_track_24.smt2;UNSAT;930;UNSAT;519;UNSAT;729;UNSAT;2523;UNSAT;435;UNSAT;458
/mnt/c/Users/Clemens/Downloads/QF_S/20230329-woorpje-lu/track04/04_track_25.smt2;UNSAT;750;UNSAT;377;UNSAT;497;UNSAT;2003;UNSAT;353;UNSAT;357
/mnt/c/Users/Clemens/Downloads/QF_S/20230329-woorpje-lu/track04/04_track_26.smt2;SAT;780;SAT;604;SAT;1059;SAT;3695;SAT;914;UNKNOWN;2275
/mnt/c/Users/Clemens/Downloads/QF_S/20230329-woorpje-lu/track04/04_track_27.smt2;UNSAT;610;UNSAT;331;UNSAT;715;UNSAT;2829;UNSAT;473;UNSAT;451
/mnt/c/Users/Clemens/Downloads/QF_S/20230329-woorpje-lu/track04/04_track_28.smt2;SAT;655;SAT;326;SAT;1068;SAT;4527;SAT;651;SAT;523
/mnt/c/Users/Clemens/Downloads/QF_S/20230329-woorpje-lu/track04/04_track_29.smt2;SAT;883;SAT;456;SAT;708;SAT;1838;SAT;374;SAT;394
/mnt/c/Users/Clemens/Downloads/QF_S/20230329-woorpje-lu/track04/04_track_3.smt2;SAT;758;SAT;542;SAT;768;SAT;1654;SAT;442;SAT;423
/mnt/c/Users/Clemens/Downloads/QF_S/20230329-woorpje-lu/track04/04_track_30.smt2;SAT;884;SAT;398;SAT;592;SAT;2269;SAT;647;SAT;605
/mnt/c/Users/Clemens/Downloads/QF_S/20230329-woorpje-lu/track04/04_track_31.smt2;UNSAT;1097;UNSAT;889;UNSAT;1076;UNSAT;2639;UNSAT;550;UNSAT;442
/mnt/c/Users/Clemens/Downloads/QF_S/20230329-woorpje-lu/track04/04_track_32.smt2;SAT;925;SAT;509;SAT;692;SAT;4551;SAT;739;SAT;512
/mnt/c/Users/Clemens/Downloads/QF_S/20230329-woorpje-lu/track04/04_track_33.smt2;UNSAT;725;UNSAT;582;UNSAT;793;UNSAT;2323;UNSAT;533;UNSAT;322
/mnt/c/Users/Clemens/Downloads/QF_S/20230329-woorpje-lu/track04/04_track_34.smt2;SAT;859;SAT;885;SAT;828;SAT;3137;SAT;1057;SAT;716
/mnt/c/Users/Clemens/Downloads/QF_S/20230329-woorpje-lu/track04/04_track_35.smt2;SAT;652;SAT;478;SAT;790;SAT;2237;SAT;440;SAT;528
/mnt/c/Users/Clemens/Downloads/QF_S/20230329-woorpje-lu/track04/04_track_36.smt2;SAT;685;SAT;492;SAT;583;SAT;2208;SAT;404;SAT;351
/mnt/c/Users/Clemens/Downloads/QF_S/20230329-woorpje-lu/track04/04_track_37.smt2;UNSAT;791;UNSAT;331;UNSAT;870;UNSAT;3365;UNSAT;829;UNSAT;729
/mnt/c/Users/Clemens/Downloads/QF_S/20230329-woorpje-lu/track04/04_track_38.smt2;SAT;1337;SAT;1503;SAT;1416;SAT;8367;SAT;3559;UNKNOWN;10000
/mnt/c/Users/Clemens/Downloads/QF_S/20230329-woorpje-lu/track04/04_track_39.smt2;SAT;581;SAT;317;SAT;533;SAT;1837;SAT;752;SAT;795
/mnt/c/Users/Clemens/Downloads/QF_S/20230329-woorpje-lu/track04/04_track_4.smt2;UNSAT;1130;UNSAT;781;UNSAT;1260;UNSAT;2603;UNSAT;834;UNSAT;668
/mnt/c/Users/Clemens/Downloads/QF_S/20230329-woorpje-lu/track04/04_track_40.smt2;SAT;1119;SAT;1191;SAT;971;UNKNOWN;10000;SAT;1048;UNKNOWN;10000
/mnt/c/Users/Clemens/Downloads/QF_S/20230329-woorpje-lu/track04/04_track_41.smt2;SAT;805;SAT;460;SAT;1033;SAT;4071;SAT;692;SAT;521
/mnt/c/Users/Clemens/Downloads/QF_S/20230329-woorpje-lu/track04/04_track_42.smt2;SAT;1186;SAT;713;SAT;1420;SAT;2854;SAT;363;SAT;331
/mnt/c/Users/Clemens/Downloads/QF_S/20230329-woorpje-lu/track04/04_track_43.smt2;SAT;658;SAT;520;SAT;686;SAT;2778;SAT;422;SAT;308
/mnt/c/Users/Clemens/Downloads/QF_S/20230329-woorpje-lu/track04/04_track_44.smt2;UNSAT;784;UNSAT;427;UNSAT;885;UNSAT;1599;UNSAT;477;UNSAT;526
/mnt/c/Users/Clemens/Downloads/QF_S/20230329-woorpje-lu/track04/04_track_45.smt2;UNSAT;777;UNSAT;523;UNSAT;677;UNSAT;1887;UNSAT;324;UNSAT;382
/mnt/c/Users/Clemens/Downloads/QF_S/20230329-woorpje-lu/track04/04_track_46.smt2;UNSAT;804;UNSAT;396;UNSAT;858;UNSAT;2844;UNSAT;437;UNSAT;558
/mnt/c/Users/Clemens/Downloads/QF_S/20230329-woorpje-lu/track04/04_track_47.smt2;UNSAT;845;UNSAT;428;UNSAT;1056;UNSAT;2648;UNSAT;458;UNSAT;402
/mnt/c/Users/Clemens/Downloads/QF_S/20230329-woorpje-lu/track04/04_track_48.smt2;SAT;888;SAT;665;SAT;851;SAT;4909;SAT;2218;SAT;3443
/mnt/c/Users/Clemens/Downloads/QF_S/20230329-woorpje-lu/track04/04_track_49.smt2;SAT;1357;SAT;1256;SAT;1279;SAT;3717;SAT;534;UNKNOWN;10000
/mnt/c/Users/Clemens/Downloads/QF_S/20230329-woorpje-lu/track04/04_track_5.smt2;SAT;612;SAT;506;SAT;534;SAT;1582;SAT;416;SAT;454
/mnt/c/Users/Clemens/Downloads/QF_S/20230329-woorpje-lu/track04/04_track_50.smt2;UNSAT;754;UNSAT;518;UNSAT;1175;UNSAT;2843;UNSAT;530;UNSAT;448
/mnt/c/Users/Clemens/Downloads/QF_S/20230329-woorpje-lu/track04/04_track_51.smt2;UNSAT;982;UNSAT;471;UNSAT;730;UNSAT;1905;UNSAT;577;UNSAT;441
/mnt/c/Users/Clemens/Downloads/QF_S/20230329-woorpje-lu/track04/04_track_52.smt2;UNSAT;656;UNSAT;332;UNSAT;644;UNSAT;2217;UNSAT;601;UNSAT;506
/mnt/c/Users/Clemens/Downloads/QF_S/20230329-woorpje-lu/track04/04_track_53.smt2;UNSAT;1262;UNSAT;809;UNSAT;1852;UNSAT;6243;UNSAT;710;UNSAT;434
/mnt/c/Users/Clemens/Downloads/QF_S/20230329-woorpje-lu/track04/04_track_54.smt2;SAT;836;SAT;414;SAT;715;SAT;2987;SAT;419;SAT;862
/mnt/c/Users/Clemens/Downloads/QF_S/20230329-woorpje-lu/track04/04_track_55.smt2;SAT;1553;SAT;887;SAT;1764;SAT;4251;SAT;674;UNKNOWN;3619
/mnt/c/Users/Clemens/Downloads/QF_S/20230329-woorpje-lu/track04/04_track_56.smt2;UNSAT;1302;UNSAT;408;UNSAT;1296;UNSAT;3110;UNSAT;427;UNSAT;463
/mnt/c/Users/Clemens/Downloads/QF_S/20230329-woorpje-lu/track04/04_track_57.smt2;UNSAT;876;UNSAT;561;UNSAT;948;UNSAT;3034;UNSAT;564;UNSAT;418
/mnt/c/Users/Clemens/Downloads/QF_S/20230329-woorpje-lu/track04/04_track_58.smt2;SAT;932;SAT;757;SAT;1200;SAT;2675;SAT;695;SAT;525
/mnt/c/Users/Clemens/Downloads/QF_S/20230329-woorpje-lu/track04/04_track_59.smt2;UNSAT;922;UNSAT;385;UNSAT;692;UNSAT;1959;UNSAT;395;UNSAT;465
/mnt/c/Users/Clemens/Downloads/QF_S/20230329-woorpje-lu/track04/04_track_6.smt2;SAT;1061;SAT;500;SAT;638;SAT;2197;SAT;447;SAT;324
/mnt/c/Users/Clemens/Downloads/QF_S/20230329-woorpje-lu/track04/04_track_60.smt2;UNSAT;738;UNSAT;314;UNSAT;555;UNSAT;1936;UNSAT;473;UNSAT;381
/mnt/c/Users/Clemens/Downloads/QF_S/20230329-woorpje-lu/track04/04_track_61.smt2;UNSAT;811;UNSAT;389;UNSAT;566;UNSAT;2276;UNSAT;444;UNSAT;348
/mnt/c/Users/Clemens/Downloads/QF_S/20230329-woorpje-lu/track04/04_track_62.smt2;SAT;968;SAT;580;SAT;647;SAT;2245;SAT;625;UNKNOWN;661
/mnt/c/Users/Clemens/Downloads/QF_S/20230329-woorpje-lu/track04/04_track_63.smt2;SAT;809;SAT;1327;SAT;1060;SAT;8031;SAT;2296;UNKNOWN;10000
/mnt/c/Users/Clemens/Downloads/QF_S/20230329-woorpje-lu/track04/04_track_64.smt2;UNSAT;793;UNSAT;455;UNSAT;1364;UNSAT;3081;UNSAT;850;UNSAT;798
/mnt/c/Users/Clemens/Downloads/QF_S/20230329-woorpje-lu/track04/04_track_65.smt2;SAT;1350;SAT;639;SAT;1268;SAT;2410;SAT;635;SAT;717
/mnt/c/Users/Clemens/Downloads/QF_S/20230329-woorpje-lu/track04/04_track_66.smt2;SAT;1269;SAT;1196;SAT;956;SAT;2952;SAT;677;UNKNOWN;904
/mnt/c/Users/Clemens/Downloads/QF_S/20230329-woorpje-lu/track04/04_track_67.smt2;SAT;785;SAT;809;SAT;628;SAT;2456;SAT;593;SAT;578
/mnt/c/Users/Clemens/Downloads/QF_S/20230329-woorpje-lu/track04/04_track_68.smt2;UNSAT;1059;UNSAT;645;UNSAT;1165;UNSAT;2968;UNSAT;515;UNSAT;370
/mnt/c/Users/Clemens/Downloads/QF_S/20230329-woorpje-lu/track04/04_track_69.smt2;UNSAT;804;UNSAT;475;UNSAT;764;UNSAT;3120;UNSAT;499;UNSAT;457
/mnt/c/Users/Clemens/Downloads/QF_S/20230329-woorpje-lu/track04/04_track_7.smt2;SAT;813;SAT;757;SAT;710;SAT;1846;SAT;486;SAT;490
/mnt/c/Users/Clemens/Downloads/QF_S/20230329-woorpje-lu/track04/04_track_70.smt2;UNSAT;827;UNSAT;425;UNSAT;751;UNSAT;2421;UNSAT;364;UNSAT;423
/mnt/c/Users/Clemens/Downloads/QF_S/20230329-woorpje-lu/track04/04_track_71.smt2;UNSAT;705;UNSAT;360;UNSAT;590;UNSAT;2658;UNSAT;462;UNSAT;391
/mnt/c/Users/Clemens/Downloads/QF_S/20230329-woorpje-lu/track04/04_track_72.smt2;UNSAT;670;UNSAT;282;UNSAT;551;UNSAT;2008;UNSAT;380;UNSAT;341
/mnt/c/Users/Clemens/Downloads/QF_S/20230329-woorpje-lu/track04/04_track_73.smt2;SAT;747;SAT;511;SAT;751;SAT;2836;SAT;707;SAT;762
/mnt/c/Users/Clemens/Downloads/QF_S/20230329-woorpje-lu/track04/04_track_74.smt2;UNSAT;833;UNSAT;444;UNSAT;1076;UNSAT;2976;UNSAT;667;UNSAT;422
/mnt/c/Users/Clemens/Downloads/QF_S/20230329-woorpje-lu/track04/04_track_75.smt2;SAT;958;SAT;1623;SAT;1173;SAT;4304;SAT;1377;SAT;9581
/mnt/c/Users/Clemens/Downloads/QF_S/20230329-woorpje-lu/track04/04_track_76.smt2;UNSAT;730;UNSAT;784;UNSAT;1265;UNSAT;3210;UNSAT;789;UNSAT;786
/mnt/c/Users/Clemens/Downloads/QF_S/20230329-woorpje-lu/track04/04_track_77.smt2;UNSAT;1280;UNSAT;769;UNSAT;1450;UNSAT;3118;UNSAT;549;UNSAT;416
/mnt/c/Users/Clemens/Downloads/QF_S/20230329-woorpje-lu/track04/04_track_78.smt2;UNSAT;1262;UNSAT;766;UNSAT;1031;UNSAT;3024;UNSAT;505;UNSAT;367
/mnt/c/Users/Clemens/Downloads/QF_S/20230329-woorpje-lu/track04/04_track_79.smt2;UNSAT;2191;UNSAT;1341;UNSAT;2023;UNSAT;5271;UNSAT;1228;UNSAT;1287
/mnt/c/Users/Clemens/Downloads/QF_S/20230329-woorpje-lu/track04/04_track_8.smt2;SAT;1841;SAT;843;SAT;1869;SAT;4012;SAT;2677;SAT;1478
/mnt/c/Users/Clemens/Downloads/QF_S/20230329-woorpje-lu/track04/04_track_80.smt2;UNSAT;4186;UNSAT;1216;UNSAT;1442;UNSAT;4973;UNSAT;3623;UNSAT;1582
/mnt/c/Users/Clemens/Downloads/QF_S/20230329-woorpje-lu/track04/04_track_81.smt2;UNSAT;2918;UNSAT;2021;UNSAT;737;UNSAT;2930;UNSAT;563;UNSAT;506
/mnt/c/Users/Clemens/Downloads/QF_S/20230329-woorpje-lu/track04/04_track_82.smt2;UNSAT;781;UNSAT;352;UNSAT;533;UNSAT;3161;UNSAT;752;UNSAT;515
/mnt/c/Users/Clemens/Downloads/QF_S/20230329-woorpje-lu/track04/04_track_83.smt2;UNSAT;921;UNSAT;297;UNSAT;855;UNSAT;2703;UNSAT;598;UNSAT;821
/mnt/c/Users/Clemens/Downloads/QF_S/20230329-woorpje-lu/track04/04_track_84.smt2;UNSAT;1230;UNSAT;610;UNSAT;938;UNSAT;3371;UNSAT;407;UNSAT;384
/mnt/c/Users/Clemens/Downloads/QF_S/20230329-woorpje-lu/track04/04_track_85.smt2;UNSAT;626;UNSAT;347;UNSAT;569;UNSAT;2617;UNSAT;414;UNSAT;429
/mnt/c/Users/Clemens/Downloads/QF_S/20230329-woorpje-lu/track04/04_track_86.smt2;UNSAT;747;UNSAT;438;UNSAT;1320;UNSAT;6061;UNSAT;3397;UNSAT;2008
/mnt/c/Users/Clemens/Downloads/QF_S/20230329-woorpje-lu/track04/04_track_87.smt2;SAT;4184;SAT;4301;SAT;5125;SAT;5630;SAT;932;SAT;1614
/mnt/c/Users/Clemens/Downloads/QF_S/20230329-woorpje-lu/track04/04_track_88.smt2;UNSAT;1894;UNSAT;1050;UNSAT;1988;UNSAT;4906;UNSAT;1415;UNSAT;712
/mnt/c/Users/Clemens/Downloads/QF_S/20230329-woorpje-lu/track04/04_track_89.smt2;UNSAT;1224;UNSAT;1010;UNSAT;1240;UNSAT;3460;UNSAT;864;UNSAT;1216
/mnt/c/Users/Clemens/Downloads/QF_S/20230329-woorpje-lu/track04/04_track_9.smt2;SAT;2103;SAT;1635;SAT;1432;SAT;5012;SAT;1233;SAT;2738
/mnt/c/Users/Clemens/Downloads/QF_S/20230329-woorpje-lu/track04/04_track_90.smt2;UNSAT;3996;UNSAT;1543;UNSAT;3006;UNSAT;4250;UNSAT;1020;UNSAT;887
/mnt/c/Users/Clemens/Downloads/QF_S/20230329-woorpje-lu/track04/04_track_91.smt2;UNSAT;1251;UNSAT;2946;UNSAT;5148;UNSAT;5577;UNSAT;1158;UNSAT;1264
/mnt/c/Users/Clemens/Downloads/QF_S/20230329-woorpje-lu/track04/04_track_92.smt2;UNSAT;1508;UNSAT;1491;UNSAT;4076;UNSAT;2962;UNSAT;1040;UNSAT;1064
/mnt/c/Users/Clemens/Downloads/QF_S/20230329-woorpje-lu/track04/04_track_93.smt2;SAT;1513;SAT;727;SAT;1196;SAT;3833;SAT;2736;SAT;1523
/mnt/c/Users/Clemens/Downloads/QF_S/20230329-woorpje-lu/track04/04_track_94.smt2;SAT;2369;SAT;3095;SAT;2372;SAT;5745;SAT;1450;SAT;1619
/mnt/c/Users/Clemens/Downloads/QF_S/20230329-woorpje-lu/track04/04_track_95.smt2;UNSAT;1413;UNSAT;885;UNSAT;1833;UNSAT;3778;UNSAT;1453;UNSAT;1152
/mnt/c/Users/Clemens/Downloads/QF_S/20230329-woorpje-lu/track04/04_track_96.smt2;UNSAT;1619;UNSAT;2642;UNSAT;4926;UNSAT;4112;UNSAT;3890;UNSAT;4277
/mnt/c/Users/Clemens/Downloads/QF_S/20230329-woorpje-lu/track04/04_track_97.smt2;SAT;3801;SAT;1608;SAT;3130;SAT;6105;SAT;3605;SAT;2314
/mnt/c/Users/Clemens/Downloads/QF_S/20230329-woorpje-lu/track04/04_track_98.smt2;UNSAT;7266;UNSAT;4277;UNSAT;6078;UNSAT;7402;UNSAT;4121;UNSAT;2182
/mnt/c/Users/Clemens/Downloads/QF_S/20230329-woorpje-lu/track04/04_track_99.smt2;SAT;4263;SAT;6297;SAT;5480;UNKNOWN;10000;SAT;5460;UNKNOWN;10000